{"bounds": [[0.1, 0.9], [0.1, 0.9]], "sequence_length": 1000, "default_connectivity_radius": 0.015, "dim": 2, "dt": 0.0025, "pos_mean": [0.5, 0.5], "pos_std": [0.5, 0.5], "vel_mean": [-3.964619574176163e-05, -0.00026272129664401046], "vel_std": [0.0013722809722366911, 0.0013119977252142715], "acc_mean": [2.602686518497945e-08, 1.0721623948191945e-07], "acc_std": [6.742962470925277e-05, 8.700719180424815e-05]}